Município;Classificação de % em relação a população geral;% em relação a população geral;Doses Aplicadas - D1;População
SERRANA;1;65,08412935;29707;45644
TURMALINA;2;34,84669811;591;1696
FLORA RICA;3;34,26573427;490;1430
SANTANA DA PONTE PENSA;4;33,60599864;493;1467
ÁGUAS DE SÃO PEDRO;5;32,1499574;1132;3521
ARCO-ÍRIS;6;30,90806543;548;1773
FLOREAL;7;28,96551724;840;2900
SANTA SALETE;8;28,86597938;448;1552
RIBEIRÃO DOS ÍNDIOS;9;28,01258993;623;2224
URU;10;27,84041631;321;1153
ALFREDO MARCONDES;11;27,77246654;1162;4184
SÃO JOÃO DO PAU D'ALHO;12;27,76190476;583;2100
APARECIDA D'OESTE;13;27,34487735;1137;4158
NOVA CANAÃ PAULISTA;14;26,99784017;500;1852
PRESIDENTE BERNARDES;15;26,93695769;3508;13023
OSCAR BRESSANE;16;26,69996158;695;2603
SANTA RITA D'OESTE;17;26,53799759;660;2487
SÃO CAETANO DO SUL;18;26,15694289;42363;161957
PARISI;19;26,04887045;565;2169
ÁLVARES FLORENCE;20;25,88428846;944;3647
POPULINA;21;25,5539499;1061;4152
PEDRANÓPOLIS;22;25,3929867;630;2481
ELDORADO;23;25,32810088;3937;15544
SÃO FRANCISCO;24;25,23961661;711;2817
SANTOS;25;25,18055786;109197;433656
ÓLEO;26;25,1315257;621;2471
INDIAPORÃ;27;25,09006691;975;3886
DIVINOLÂNDIA;28;24,87822479;2758;11086
FLORÍNEA;29;24,87749717;660;2653
ADOLFO;30;24,76083286;880;3554
DOLCINÓPOLIS;31;24,66856061;521;2112
BARRA DO TURVO;32;24,62002096;1879;7632
ALTO ALEGRE;33;24,43737769;999;4088
MESÓPOLIS;34;24,2519685;462;1905
MAGDA;35;24,21018698;751;3102
ASPÁSIA;36;24,20242024;440;1818
TURIÚBA;37;24,05940594;486;2020
TUPI PAULISTA;38;23,98767888;3738;15583
SANTA CRUZ DA CONCEIÇÃO;39;23,94366197;1088;4544
PALMEIRA D'OESTE;40;23,82139374;2198;9227
CRUZÁLIA;41;23,75366569;486;2046
NEVES PAULISTA;42;23,56830662;2103;8923
MIRA ESTRELA;43;23,53509337;731;3106
SANTA RITA DO PASSA QUATRO;44;23,51811594;6491;27600
SANTA FÉ DO SUL;45;23,41614716;7625;32563
MARINÓPOLIS;46;23,36182336;492;2106
NOVA GUATAPORANGA;47;23,35483871;543;2325
TAIÚVA;48;23,32854062;1298;5564
TIMBURI;49;23,26546003;617;2652
CÁSSIA DOS COQUEIROS;50;23,15369262;580;2505
CÂNDIDO RODRIGUES;51;23,1511254;648;2799
SANTA ALBERTINA;52;23,09863833;1391;6022
PONGAÍ;53;23,05882353;784;3400
FERNANDO PRESTES;54;23,02381774;1334;5794
ÁGUAS DA PRATA;55;23,01423185;1892;8221
MONÇÕES;56;22,93780326;520;2267
LOURDES;57;22,91304348;527;2300
ADAMANTINA;58;22,86178121;8027;35111
SANTA CLARA D'OESTE;59;22,85849503;483;2113
JALES;60;22,78612223;11211;49201
DUARTINA;61;22,77809057;2832;12433
LUTÉCIA;62;22,76176024;600;2636
GÁLIA;63;22,64733107;1468;6482
MONTE CASTELO;64;22,6356217;943;4166
FERNANDÓPOLIS;65;22,61462206;15695;69402
NHANDEARA;66;22,54706342;2599;11527
TUPÃ;67;22,48131768;14741;65570
MACEDÔNIA;68;22,37269773;826;3692
URÂNIA;69;22,30263158;2034;9120
CEDRAL;70;22,26621014;2081;9346
AVAÍ;71;22,20382634;1207;5436
SABINO;72;22,19451372;1246;5614
LAGOINHA;73;22,09040704;1080;4889
BILAC;74;22,04016262;1789;8117
DRACENA;75;21,99477074;10347;47043
COSMORAMA;76;21,85530282;1595;7298
MURUTINGA DO SUL;77;21,79316467;982;4506
DIRCE REIS;78;21,6787104;390;1799
LUCIANÓPOLIS;79;21,63961715;520;2403
BORÁ;80;21,59904535;181;838
FERNÃO;81;21,59814708;373;1727
PONTES GESTAL;82;21,57547536;556;2577
MERIDIANO;83;21,57426778;825;3824
PIQUEROBI;84;21,57339822;798;3699
BERNARDINO DE CAMPOS;85;21,56300412;2406;11158
SANTA CRUZ DA ESPERANÇA;86;21,55132373;464;2153
ESTRELA D'OESTE;87;21,52274617;1812;8419
GUARAÇAÍ;88;21,49577805;1782;8290
IPORANGA;89;21,48130507;902;4199
TRÊS FRONTEIRAS;90;21,46776406;1252;5832
SÃO JOÃO DA BOA VISTA;91;21,45666932;19691;91771
CATANDUVA;92;21,37848274;26188;122497
GENERAL SALGADO;93;21,23918247;2307;10862
TORRE DE PEDRA;94;21,22213047;514;2422
ITAJOBI;95;21,19369811;3242;15297
POLONI;96;21,15164404;1293;6113
MARAPOAMA;97;21,11618799;647;3064
MACAUBAL;98;21,05069351;1715;8147
SANTO ANTÔNIO DO JARDIM;99;21,04377104;1250;5940
ECHAPORÃ;100;20,99274406;1273;6064
BÁLSAMO;101;20,96509465;1916;9139
EMILIANÓPOLIS;102;20,94824915;676;3227
OSVALDO CRUZ;103;20,93939394;6910;33000
INDIANA;104;20,92641935;1021;4879
SANTO EXPEDITO;105;20,92503987;656;3135
VOTUPORANGA;106;20,9066689;19932;95338
SANTO ANTÔNIO DA ALEGRIA;107;20,82556973;1453;6977
ILHA SOLTEIRA;108;20,8078244;5574;26788
GABRIEL MONTEIRO;109;20,74927954;576;2776
GUARANI D'OESTE;110;20,72072072;414;1998
PIRATININGA;111;20,7192154;2852;13765
RIBEIRÃO DO SUL;112;20,66534479;938;4539
PALMITAL;113;20,65822558;4601;22272
MONTE ALEGRE DO SUL;114;20,52767846;1665;8111
AMÉRICO DE CAMPOS;115;20,4480856;1223;5981
SOCORRO;116;20,39562778;8434;41352
PARAPUÃ;117;20,39455658;2233;10949
SERRA NEGRA;118;20,37552628;6001;29452
AREALVA;119;20,36456519;1754;8613
POMPÉIA;120;20,35901137;4514;22172
RUBINÉIA;121;20,28391167;643;3170
VERA CRUZ;122;20,27164372;2194;10823
CARDOSO;123;20,26884768;2503;12349
NATIVIDADE DA SERRA;124;20,2047576;1342;6642
SARUTAIÁ;125;20,19283747;733;3630
SÃO JOÃO DE IRACEMA;126;20,13457557;389;1932
PRESIDENTE VENCESLAU;127;20,02627391;7927;39583
DESCALVADO;128;20,00884695;6785;33910
PARIQUERA-AÇU;129;19,97667698;3940;19723
BOTUCATU;130;19,94261797;29541;148130
ROSANA;131;19,92506603;3244;16281
BURITIZAL;132;19,91581746;899;4514
RIFAINA;133;19,89010989;724;3640
SEBASTIANÓPOLIS DO SUL;134;19,86494091;706;3554
PRESIDENTE ALVES;135;19,85294118;810;4080
MOCOCA;136;19,84343288;13688;68980
ANDRADINA;137;19,75630223;11301;57202
ALTINÓPOLIS;138;19,75560082;3201;16203
SALES;139;19,74402997;1265;6407
VITÓRIA BRASIL;140;19,71830986;364;1846
IEPÊ;141;19,68513547;1613;8194
PRESIDENTE PRUDENTE;142;19,63311354;45229;230371
SÃO JOSÉ DO RIO PARDO;143;19,62303171;10817;55124
TUIUTI;144;19,60728107;1368;6977
TANABI;145;19,57779395;5110;26101
ITAOCA;146;19,54954955;651;3330
RINÓPOLIS;147;19,5462303;1947;9961
BARRETOS;148;19,49883175;23951;122833
ITOBI;149;19,48548141;1530;7852
EMBAÚBA;150;19,4365047;476;2449
ARAPEÍ;151;19,43089431;478;2460
SAGRES;152;19,42386831;472;2430
SANTA MERCEDES;153;19,40197078;571;2943
BARÃO DE ANTONINA;154;19,32532876;676;3498
SANTO ANASTÁCIO;155;19,31371609;4030;20866
ARAÇATUBA;156;19,31367947;38266;198129
SÃO JOSÉ DO RIO PRETO;157;19,29446883;89716;464983
ARARAQUARA;158;19,2876533;45970;238339
PEDRA BELA;159;19,24713584;1176;6110
MIRANTE DO PARANAPANEMA;160;19,24419239;3529;18338
PENÁPOLIS;161;19,23082956;12261;63757
ITUVERAVA;162;19,22939708;8085;42045
PEDRINHAS PAULISTA;163;19,21960658;596;3101
MENDONÇA;164;19,15543576;1066;5565
PIRAJU;165;19,15363755;5721;29869
TORRINHA;166;19,11296738;1922;10056
URUPÊS;167;19,11002304;2654;13888
NOVA CASTILHO;168;19,09233177;244;1278
CORONEL MACEDO;169;19,07227616;884;4635
IBIRÁ;170;19,04457581;2384;12518
RIVERSUL;171;19,03362117;1036;5443
TABAPUÃ;172;19,030837;2376;12485
SUD MENNUCCI;173;19,02173913;1470;7728
BARRA BONITA;174;19,00570226;6866;36126
PAULISTÂNIA;175;18,97491821;348;1834
PORANGABA;176;18,97288169;1910;10067
BRAÚNA;177;18,93398363;1087;5741
DOURADO;178;18,86686191;1675;8878
ÁGUAS DE LINDÓIA;179;18,85367929;3546;18808
PIRANGI;180;18,84752855;2162;11471
ASSIS;181;18,84057971;19799;105087
REDENÇÃO DA SERRA;182;18,83302944;723;3839
ILHA COMPRIDA;183;18,82591093;2139;11362
ZACARIAS;184;18,82267442;518;2752
PARANAPUÃ;185;18,8034188;770;4095
ESPÍRITO SANTO DO PINHAL;186;18,79876774;8360;44471
OLÍMPIA;187;18,7937602;10361;55130
BEBEDOURO;188;18,74282767;14536;77555
GARÇA;189;18,73043752;8318;44409
IACRI;190;18,72915012;1179;6295
UCHOA;191;18,72721899;1901;10151
MARÍLIA;192;18,6986159;44987;240590
SANTA CRUZ DO RIO PARDO;193;18,67634483;8954;47943
LINS;194;18,63240895;14627;78503
PIRASSUNUNGA;195;18,61935299;14314;76877
ANHUMAS;196;18,60521236;771;4144
BAURU;197;18,57251705;70445;379297
OCAUÇU;198;18,55045444;796;4291
JOANÓPOLIS;199;18,51851852;2470;13338
MIRASSOLÂNDIA;200;18,49969506;910;4919
SÃO BENTO DO SAPUCAÍ;201;18,47057744;2012;10893
SÃO JOÃO DAS DUAS PONTES;202;18,43030066;472;2561
CASTILHO;203;18,42761085;3919;21267
AGUDOS;204;18,40325125;6883;37401
INÚBIA PAULISTA;205;18,31301319;736;4019
OURO VERDE;206;18,3062645;1578;8620
VARGEM GRANDE DO SUL;207;18,27186268;7877;43110
SANTA ADÉLIA;208;18,26360774;2842;15561
JUNQUEIRÓPOLIS;209;18,23244203;3798;20831
MONTE APRAZÍVEL;210;18,22803768;4625;25373
ITAPIRA;211;18,20852274;13699;75234
NUPORANGA;212;18,17330837;1359;7478
MONTE ALTO;213;18,16355472;9222;50772
CAJOBI;214;18,09173273;1917;10596
AURIFLAMA;215;18,06202059;2755;15253
BANANAL;216;18,05694533;1985;10993
POTIRENDABA;217;18,02352135;3157;17516
RANCHARIA;218;17,98762027;5347;29726
SÃO PEDRO;219;17,9266259;6450;35980
SÃO LUIZ DO PARAITINGA;220;17,91393826;1915;10690
NOVA ALIANÇA;221;17,91171477;1266;7068
PEREIRA BARRETO;222;17,8992873;4596;25677
OURINHOS;223;17,87463271;20440;114352
SÃO CARLOS;224;17,87381525;45486;254484
PIQUETE;225;17,85635359;2424;13575
BASTOS;226;17,83992746;3738;20953
PARAÍSO;227;17,82635468;1158;6496
IGUAPE;228;17,81277227;5520;30989
BURITAMA;229;17,81146924;3078;17281
PINDORAMA;230;17,80901487;3066;17216
QUINTANA;231;17,74820574;1187;6688
NOVO HORIZONTE;232;17,69449945;7328;41414
BORBOREMA;233;17,6874536;2859;16164
TAQUARITINGA;234;17,65567255;10128;57364
FARTURA;235;17,65401369;2837;16070
VARGEM;236;17,61129817;1883;10692
TAIAÇU;237;17,61075949;1113;6320
ORIENTE;238;17,60929379;1152;6542
PAULO DE FARIA;239;17,59124902;1576;8959
IACANGA;240;17,57463316;2084;11858
AMPARO;241;17,56676803;12767;72677
TAQUARAL;242;17,56132243;494;2813
ITIRAPUÃ;243;17,56075195;1149;6543
PINHALZINHO;244;17,55263842;2701;15388
SÃO JOSÉ DO BARREIRO;245;17,54343629;727;4144
SANTO ANDRÉ;246;17,51879762;126375;721368
PIACATU;247;17,50579662;1057;6038
RIO CLARO;248;17,47048191;36340;208008
CUNHA;249;17,46586514;3748;21459
CAIABU;250;17,45766754;732;4193
CABRÁLIA PAULISTA;251;17,44049022;740;4243
CONCHAS;252;17,40940119;3137;18019
BORACÉIA;253;17,39934265;847;4868
BRAGANÇA PAULISTA;254;17,39311453;29661;170533
MONTEIRO LOBATO;255;17,37649063;816;4696
ITAPORANGA;256;17,37296514;2636;15173
OUROESTE;257;17,36407629;1830;10539
BARIRI;258;17,34349514;6167;35558
BREJO ALEGRE;259;17,34164071;501;2889
COLINA;260;17,32937686;3212;18535
MOGI MIRIM;261;17,29311265;16195;93650
JABOTICABAL;262;17,28223356;13420;77652
TRABIJU;263;17,26121979;300;1738
MARACAÍ;264;17,24850385;2421;14036
ITAJU;265;17,23694366;670;3887
SÃO SEBASTIÃO DA GRAMA;266;17,23003537;2095;12159
GUAIMBÊ;267;17,19965428;995;5785
CÂNDIDO MOTA;268;17,19198622;5389;31346
MIRANDÓPOLIS;269;17,18508046;5105;29706
ALVINLÂNDIA;270;17,1455051;555;3237
ITANHAÉM;271;17,10442087;17635;103102
BADY BASSITT;272;17,09926243;3037;17761
CACONDE;273;17,09190384;3249;19009
REGISTRO;274;17,08900041;9637;56393
CAFELÂNDIA;275;17,08232921;3048;17843
ITÁPOLIS;276;17,08015047;7401;43331
AVARÉ;277;17,07624518;15579;91232
ARARAS;278;17,06271309;23121;135506
REGENTE FEIJÓ;279;17,0540355;3478;20394
UBIRAJARA;280;17,04829309;819;4804
MANDURI;281;17,04339052;1689;9910
PALESTINA;282;17,03878686;2236;13123
LUCÉLIA;283;17,01544366;3724;21886
ATIBAIA;284;17,01529621;24517;144088
RIBEIRA;285;16,96696697;565;3330
SILVEIRAS;286;16,95851081;1075;6339
ÁLVARES MACHADO;287;16,95735659;4239;24998
ARAMINA;288;16,94076039;958;5655
PLATINA;289;16,90888765;605;3578
SALMOURÃO;290;16,90088065;902;5337
AREIAS;291;16,88911704;658;3896
TERRA ROXA;292;16,88036452;1593;9437
MONTE AZUL PAULISTA;293;16,87579081;3201;18968
IGARATÁ;294;16,87363039;1617;9583
ARANDU;295;16,84210526;1072;6365
MARIÁPOLIS;296;16,84184796;689;4091
LARANJAL PAULISTA;297;16,82820914;4844;28785
JUQUIÁ;298;16,82337857;3149;18718
ITABERÁ;299;16,81922197;2940;17480
TAPIRAÍ;300;16,81689415;1306;7766
ÁGUAS DE SANTA BÁRBARA;301;16,79489278;1026;6109
ESTRELA DO NORTE;302;16,78700361;465;2770
TAQUARITUBA;303;16,78276574;3903;23256
JABORANDI;304;16,74344947;1163;6946
PACAEMBU;305;16,72158732;2385;14263
TAPIRATIBA;306;16,71042471;2164;12950
SÃO PEDRO DO TURVO;307;16,69698545;1285;7696
JAÚ;308;16,62880808;25256;151881
GUARARAPES;309;16,61933535;5501;33100
PERUÍBE;310;16,60555644;11458;69001
SÃO PAULO;311;16,5946572;2045330;12325232
IRAPURU;312;16,58858859;1381;8325
IPIGUÁ;313;16,58144631;908;5476
TAMBAÚ;314;16,5719697;3850;23232
ARIRANHA;315;16,54543592;1615;9761
MONGAGUÁ;316;16,5088121;9517;57648
JERIQUARA;317;16,50269756;520;3151
COLÔMBIA;318;16,45752896;1023;6216
SÃO SIMÃO;319;16,43158921;2528;15385
MARTINÓPOLIS;320;16,42631816;4374;26628
CANANÉIA;321;16,41017463;2058;12541
SALTINHO;322;16,39461456;1376;8393
ONDA VERDE;323;16,37268204;724;4422
MIRASSOL;324;16,36734491;9870;60303
SALTO GRANDE;325;16,34985049;1531;9364
CORUMBATAÍ;326;16,33858268;664;4064
CHAVANTES;327;16,3230794;2027;12418
AMERICANA;328;16,32151328;39501;242018
CACHOEIRA PAULISTA;329;16,29195081;5471;33581
JACI;330;16,27292941;1171;7196
CAMPOS NOVOS PAULISTA;331;16,24974985;812;4997
JUNDIAÍ;332;16,22813861;68646;423006
IRAPUÃ;333;16,2027833;1304;8048
ELISIÁRIO;334;16,14822829;597;3697
PORTO FERREIRA;335;16,14222002;9121;56504
CASA BRANCA;336;16,13368283;4924;30520
JOSÉ BONIFÁCIO;337;16,11357919;6021;37366
BATATAIS;338;16,11146396;10147;62980
CATIGUÁ;339;16,10439211;1265;7855
PARAIBUNA;340;16,09812189;2940;18263
PARDINHO;341;16,07252612;1046;6508
CERQUEIRA CÉSAR;342;16,06656431;3244;20191
GUARATINGUETÁ;343;16,03363128;19642;122505
VIRADOURO;344;16,03302309;3049;19017
UNIÃO PAULISTA;345;16,03217158;299;1865
CAMPINA DO MONTE ALEGRE;346;16,01452865;970;6057
CAJURU;347;15,97393248;4216;26393
SALES OLIVEIRA;348;15,95265878;1914;11998
GUAÍRA;349;15,93810916;6541;41040
SANTA ROSA DE VITERBO;350;15,92344784;4260;26753
SALESÓPOLIS;351;15,89960584;2743;17252
RIBEIRÃO PRETO;352;15,86401152;112924;711825
GLICÉRIO;353;15,82108097;764;4829
GUAPIARA;354;15,81791483;2693;17025
CRUZEIRO;355;15,81548001;13059;82571
IBIRAREMA;356;15,8143094;1240;7841
APARECIDA;357;15,81318226;5722;36185
CAMPINAS;358;15,79059674;191665;1213792
SANTO ANTÔNIO DO PINHAL;359;15,79024462;1078;6827
GUARANTÃ;360;15,76029963;1052;6675
LINDÓIA;361;15,74394464;1274;8092
BROTAS;362;15,64783244;3855;24636
TATUÍ;363;15,61719811;19204;122967
BOFETE;364;15,61110645;1861;11921
RIBEIRÃO BONITO;365;15,59515753;2074;13299
RUBIÁCEA;366;15,59139785;493;3162
PILAR DO SUL;367;15,58737501;4583;29402
ICÉM;368;15,58285164;1294;8304
NOVA GRANADA;369;15,57471529;3378;21689
ITAPURA;370;15,57261159;771;4951
PRAIA GRANDE;371;15,5710378;51516;330845
APIAÍ;372;15,55353752;3768;24226
JACAREÍ;373;15,54524756;36596;235416
CAIUÁ;374;15,53985873;924;5946
PIRACICABA;375;15,53927298;63284;407252
DOIS CÓRREGOS;376;15,53867403;4275;27512
GUATAPARÁ;377;15,52730575;1197;7709
ANALÂNDIA;378;15,5261076;785;5056
GAVIÃO PEIXOTO;379;15,43094496;743;4815
PATROCÍNIO PAULISTA;380;15,42513676;2284;14807
BOCAINA;381;15,39511725;1917;12452
TAUBATÉ;382;15,36700061;48854;317915
SANTA BRANCA;383;15,36649391;2283;14857
MINEIROS DO TIETÊ;384;15,36325775;1992;12966
GUARAREMA;385;15,34377489;4624;30136
SANTO ANTÔNIO DO ARACANGUÁ;386;15,32838109;1300;8481
PARAGUAÇU PAULISTA;387;15,32702144;7042;45945
VINHEDO;388;15,32249005;12275;80111
PIRACAIA;389;15,297502;4201;27462
SARAPUÍ;390;15,28392685;1588;10390
QUATÁ;391;15,27797326;2171;14210
PEDRO DE TOLEDO;392;15,27011645;1744;11421
ITAPETININGA;393;15,2610466;25261;165526
IPAUSSU;394;15,25648683;2299;15069
SÃO MANUEL;395;15,21776135;6258;41123
SUZANÁPOLIS;396;15,19681116;610;4014
BARBOSA;397;15,17139797;1133;7468
QUADRA;398;15,1530877;584;3854
TEJUPÁ;399;15,11912714;679;4491
RINCÃO;400;15,11283759;1634;10812
PIRAJUÍ;401;15,09389945;3882;25719
PROMISSÃO;402;15,09258352;6162;40828
NAZARÉ PAULISTA;403;15,07647877;2819;18698
LORENA;404;15,06647966;13428;89125
SÃO JOAQUIM DA BARRA;405;15,06527265;7882;52319
MATÃO;406;15,0646928;12598;83626
IBITINGA;407;15,05115512;9121;60600
LUPÉRCIO;408;15,03481288;691;4596
COROADOS;409;15,02692119;921;6129
PIEDADE;410;15,02646646;8346;55542
PRESIDENTE EPITÁCIO;411;15,00146433;6659;44389
MIRACATU;412;14,99261824;2945;19643
MAIRINQUE;413;14,98703653;7110;47441
PANORAMA;414;14,94136931;2370;15862
GASTÃO VIDIGAL;415;14,93827161;726;4860
ANGATUBA;416;14,92994231;3804;25479
PEREIRAS;417;14,92077967;1309;8773
RIBEIRÃO PIRES;418;14,91555183;18519;124159
TACIBA;419;14,91546848;944;6329
PEDREIRA;420;14,86288509;7203;48463
FLÓRIDA PAULISTA;421;14,83434753;2194;14790
BRODOWSKI;422;14,83166515;3749;25277
ORLÂNDIA;423;14,7993688;6565;44360
GUARACI;424;14,79578276;1670;11287
MACATUBA;425;14,7496224;2539;17214
IBIÚNA;426;14,72967702;11707;79479
SALTO DE PIRAPORA;427;14,72307021;6752;45860
FRANCA;428;14,70521297;52336;355901
ALAMBARI;429;14,68428781;900;6129
GETULINA;430;14,67633441;1680;11447
SÃO JOSÉ DOS CAMPOS;431;14,65610213;106951;729737
MOGI GUAÇU;432;14,64128652;22406;153033
CRISTAIS PAULISTA;433;14,63638449;1276;8718
HERCULÂNDIA;434;14,63287443;1403;9588
SANTÓPOLIS DO AGUAPEÍ;435;14,61490554;704;4817
CAÇAPAVA;436;14,60039151;13873;95018
IGARAPAVA;437;14,59789639;4469;30614
SÃO BERNARDO DO CAMPO;438;14,58726819;123187;844483
TREMEMBÉ;439;14,57643459;6955;47714
ITU;440;14,5749795;25589;175568
MIGUELÓPOLIS;441;14,57392082;3258;22355
GUAPIAÇU;442;14,52583238;3163;21775
VALINHOS;443;14,52328329;19056;131210
BOREBI;444;14,49869549;389;2683
JÚLIO MESQUITA;445;14,47916667;695;4800
ANHEMBI;446;14,45959818;986;6819
PEDREGULHO;447;14,45482125;2430;16811
SALTO;448;14,42673883;17274;119736
EUCLIDES DA CUNHA PAULISTA;449;14,40214477;1343;9325
GUZOLÂNDIA;450;14,39608065;764;5307
TIETÊ;451;14,3754263;6112;42517
MOMBUCA;452;14,36716078;504;3508
RIBEIRÃO GRANDE;453;14,29873682;1098;7679
ITAPUÍ;454;14,29278292;2022;14147
SÃO ROQUE;455;14,2841625;13150;92060
LENÇÓIS PAULISTA;456;14,24554283;9828;68990
MORUNGABA;457;14,22973659;1961;13781
JAMBEIRO;458;14,21765669;955;6717
LEME;459;14,21233205;14830;104346
VALENTIM GENTIL;460;14,18859001;1920;13532
CAPÃO BONITO;461;14,17504988;6679;47118
PEDERNEIRAS;462;14,14319373;6663;47111
MOTUCA;463;14,11887383;677;4795
PIRAPOZINHO;464;14,1060748;3915;27754
LIMEIRA;465;14,07667222;43424;308482
JARDINÓPOLIS;466;14,073827;6329;44970
TARABAI;467;14,04509284;1059;7540
RAFARD;468;14,03142512;1277;9101
LUIZIÂNIA;469;14,02220325;821;5855
GUARÁ;470;14,01820912;2987;21308
ROSEIRA;471;14,01722063;1514;10801
TABATINGA;472;13,96298967;2324;16644
SETE BARRAS;473;13,95931142;1784;12780
JUQUITIBA;474;13,94805031;4414;31646
NARANDIBA;475;13,94779772;684;4904
ITATIBA;476;13,94261754;17091;122581
SANDOVALINA;477;13,94120349;607;4354
ITAPEVA;478;13,91396988;13191;94804
ITARARÉ;479;13,88175822;7030;50642
ESTIVA GERBI;480;13,86867713;1582;11407
PINDAMONHANGABA;481;13,86629206;23591;170132
SANTO ANTÔNIO DE POSSE;482;13,81274172;3250;23529
BENTO DE ABREU;483;13,7437604;413;3005
CRAVINHOS;484;13,73563057;4887;35579
SOROCABA;485;13,72270887;94324;687357
TEODORO SAMPAIO;486;13,68968332;3186;23273
SANTA MARIA DA SERRA;487;13,64656831;851;6236
SANTA BÁRBARA D'OESTE;488;13,64010494;26515;194390
SÃO MIGUEL ARCANJO;489;13,629477;4498;33002
SÃO LOURENÇO DA SERRA;490;13,5686569;2168;15978
JUMIRIM;491;13,48741954;461;3418
SERTÃOZINHO;492;13,47233802;17129;127142
JACUPIRANGA;493;13,46637599;2409;17889
SANTA ERNESTINA;494;13,45740873;752;5588
CAMPOS DO JORDÃO;495;13,4529148;7050;52405
PORTO FELIZ;496;13,39837459;7155;53402
GUAIÇARA;497;13,39677892;1647;12294
INDAIATUBA;498;13,38872779;34305;256223
PARANAPANEMA;499;13,38073057;2729;20395
NANTES;500;13,36898396;425;3179
NOVA LUZITÂNIA;501;13,34134615;555;4160
OSASCO;502;13,33849565;93362;699944
MOGI DAS CRUZES;503;13,3007975;59958;450785
CERQUILHO;504;13,30067066;6624;49802
PLANALTO;505;13,27300151;704;5304
CAPIVARI;506;13,24784051;7469;56379
RESTINGA;507;13,23088944;1016;7679
SANTA ISABEL;508;13,19911672;7651;57966
BIRIGUI;509;13,19715254;16481;124883
QUEIROZ;510;13,17919075;456;3460
DUMONT;511;13,15973262;1319;10023
PONTALINDA;512;13,11510484;613;4674
CLEMENTINA;513;13,09809295;1147;8757
HOLAMBRA;514;13,05657412;1994;15272
JOÃO RAMALHO;515;13,05207647;594;4551
CONCHAL;516;13,04071022;3687;28273
ITARIRI;517;13,01852483;2291;17598
JAGUARIÚNA;518;13,0172678;7644;58722
GUARUJÁ;519;12,980945;41896;322750
SANTA CRUZ DAS PALMEIRAS;520;12,98039554;4509;34737
AGUAÍ;521;12,9720585;4754;36648
BARUERI;522;12,95318829;35878;276982
SÃO VICENTE;523;12,9483786;47696;368355
PAULICÉIA;524;12,94606923;965;7454
BOA ESPERANÇA DO SUL;525;12,93780796;1943;15018
ARTUR NOGUEIRA;526;12,93097217;7156;55340
CESÁRIO LANGE;527;12,92517007;2375;18375
NOVA EUROPA;528;12,91941876;1467;11355
NOVA INDEPENDÊNCIA;529;12,87934863;522;4053
TARUMÃ;530;12,87624317;1955;15183
ARAÇOIABA DA SERRA;531;12,81343455;4456;34776
ESPÍRITO SANTO DO TURVO;532;12,79212792;624;4878
ITAPIRAPUÃ PAULISTA;533;12,76944705;545;4268
CHARQUEADA;534;12,74255772;2213;17367
UBATUBA;535;12,73305454;11692;91824
CORDEIRÓPOLIS;536;12,67622654;3147;24826
ALTAIR;537;12,66125179;530;4186
JARINU;538;12,65636738;3875;30617
ILHABELA;539;12,64926526;4502;35591
BIRITIBA MIRIM;540;12,63055623;4160;32936
ITAÍ;541;12,62508217;3457;27382
PRATÂNIA;542;12,60109084;670;5317
ELIAS FAUSTO;543;12,55017841;2251;17936
VALPARAÍSO;544;12,50093207;3353;26822
CAPELA DO ALTO;545;12,49940434;2623;20985
AMÉRICO BRASILIENSE;546;12,49756288;5128;41032
TAGUAÍ;547;12,48143696;1765;14141
RIBEIRÃO BRANCO;548;12,4791808;2023;16211
REGINÓPOLIS;549;12,34116092;1214;9837
SUZANO;550;12,33435033;37072;300559
NOVA ODESSA;551;12,32200276;7511;60956
BARRA DO CHAPÉU;552;12,30902778;709;5760
BOITUVA;553;12,30336175;7649;62170
VOTORANTIM;554;12,29055251;15191;123599
RIBEIRÃO CORRENTE;555;12,26851852;583;4752
CANAS;556;12,25980015;638;5204
FRANCO DA ROCHA;557;12,25877361;19184;156492
MONTE MOR;558;12,25598315;7446;60754
IPUÃ;559;12,24403758;2033;16604
IRACEMÁPOLIS;560;12,23693833;3012;24614
UBARANA;561;12,1875;780;6400
POÁ;562;12,1631784;14395;118349
SÃO JOSÉ DA BELA VISTA;563;12,15401786;1089;8960
QUELUZ;564;12,14905189;1653;13606
IGARAÇU DO TIETÊ;565;12,14594529;3006;24749
SEVERÍNIA;566;12,13408074;2143;17661
SANTA LÚCIA;567;12,10752202;1072;8854
TABOÃO DA SERRA;568;12,0993557;35530;293652
VISTA ALEGRE DO ALTO;569;12,09255757;1087;8989
CARAGUATATUBA;570;12,06023227;14881;123389
CAJATI;571;11,99550783;3418;28494
PAULÍNIA;572;11,97735775;13415;112003
DIADEMA;573;11,94497103;50976;426757
BURI;574;11,93087904;2382;19965
ARUJÁ;575;11,91460886;10861;91157
BOM JESUS DOS PERDÕES;576;11,84144699;3077;25985
ITATINGA;577;11,81587878;2472;20921
ITIRAPINA;578;11,81269375;2172;18387
MORRO AGUDO;579;11,80305215;3929;33288
NIPOÃ;580;11,64590412;617;5298
CAIEIRAS;581;11,6010703;11923;102775
CAMPO LIMPO PAULISTA;582;11,59677815;9920;85541
CUBATÃO;583;11,48557276;15118;131626
SÃO SEBASTIÃO;584;11,47484722;10365;90328
MARABÁ PAULISTA;585;11,44922663;681;5948
SUMARÉ;586;11,41220987;32663;286211
BERTIOGA;587;11,37771735;7364;64723
SANTANA DE PARNAÍBA;588;11,35129057;16153;142301
ÁLVARO DE CARVALHO;589;11,26279864;594;5274
RIO DAS PEDRAS;590;11,19256814;4000;35738
CANITAR;591;11,16780045;591;5292
ALUMÍNIO;592;11,12591251;2088;18767
VARGEM GRANDE PAULISTA;593;11,12067031;5946;53468
HORTOLÂNDIA;594;11,10309529;26010;234259
ORINDIÚVA;595;11,07867668;797;7194
DOBRADA;596;11,05438402;996;9010
CARAPICUÍBA;597;11,05056513;44554;403183
COTIA;598;11,03001483;27973;253608
NOVAIS;599;10,96719933;652;5945
MAIRIPORÃ;600;10,96069141;11173;101937
PRADÓPOLIS;601;10,91756961;2388;21873
IBATÉ;602;10,91283266;3871;35472
RIOLÂNDIA;603;10,90708488;1384;12689
PITANGUEIRAS;604;10,89570858;4367;40080
AVANHANDAVA;605;10,78721409;1495;13859
EMBU-GUAÇU;606;10,5778172;7394;69901
GUARIBA;607;10,54412528;4269;40487
PIRAPORA DO BOM JESUS;608;10,4807592;2010;19178
IPEÚNA;609;10,42018993;801;7687
MAUÁ;610;10,36305994;49489;477552
AREIÓPOLIS;611;10,36027962;1156;11158
COSMÓPOLIS;612;10,35740534;7610;73474
LAVRINHAS;613;10,17644645;744;7311
LUÍS ANTÔNIO;614;10,103322;1545;15292
EMBU DAS ARTES;615;10,0869691;27894;276535
SERRA AZUL;616;10,05940858;1507;14981
ITAPECERICA DA SERRA;617;10,02465356;17810;177662
ENGENHEIRO COELHO;618;9,746341004;2071;21249
ITUPEVA;619;9,703405346;6095;62813
GUAREÍ;620;9,646847038;1822;18887
FRANCISCO MORATO;621;9,545523636;16956;177633
GUARULHOS;622;9,519431141;132522;1392121
FERRAZ DE VASCONCELOS;623;9,469720102;18608;196500
BOM SUCESSO DE ITARARÉ;624;9,387550201;374;3984
VÁRZEA PAULISTA;625;9,353950159;11512;123071
CAJAMAR;626;9,346370005;7284;77934
BARRINHA;627;9,339963834;3099;33180
JANDIRA;628;9,234227104;11668;126356
NOVA CAMPINA;629;9,117647059;899;9860
SANTA GERTRUDES;630;9,082940725;2487;27381
CABREÚVA;631;9,006722322;4542;50429
RIO GRANDE DA SERRA;632;8,983980092;4621;51436
LOUVEIRA;633;8,975256536;4487;49993
IARAS;634;8,931385941;850;9517
ARAÇARIGUAMA;635;8,696412948;1988;22860
TAQUARIVAÍ;636;8,678734563;513;5911
LAVÍNIA;637;8,587708588;1055;12285
IPERÓ;638;8,500158044;3227;37964
POTIM;639;8,332670115;2094;25130
PONTAL;640;8,103909384;4121;50852
ITAPEVI;641;7,943194127;19140;240961
PALMARES PAULISTA;642;7,711701023;1040;13486
ITAQUAQUECETUBA;643;7,568044671;28381;375011
PRACINHA;644;7,098765432;299;4212
BALBINOS;645;5,948769801;353;5934
